﻿"Game_Name","Game_Image","Mod_Bio","Game_Files1","Game_Files2","Button_Text1","Button_Text2","Games (List)","ID","Created Date","Updated Date","Owner"
"Borderlands 2","wix:image://v1/5d476b_93770e0424e2412096fda0bb1e12f2a3~mv2.jpg/borderlands.jfif#originWidth=299&originHeight=168","1. Rule Changer: No rules in the game
2. 2.5 (New Version): Provides character overhauls, gear overhauls, reworked enemies, and more updates.","wix:document://v1/archives/9d3131_380d030c74484404b5b1b89b93950431.zip/Borderlands%202.zip","wix:document://v1/archives/9d3131_a84f6f35caa14419a9958f960ac2caf5.zip/Borderlands%202.5-235-v1-33-1583175542.zip","Rule Changer","2.5 Version","/games/","02f07cb4-a4d7-4310-88a0-ff126526a043",2023-10-29T16:24:56Z,2023-11-02T00:42:45Z,"9d313136-9722-49f9-b389-12782a7421be"
"Dead Space 3","wix:image://v1/9d3131_2de63cb2e0194043ad48e4d040d1d82d~mv2.jpg/capsule_616x353%20(3).jpg#originWidth=616&originHeight=353","1. All Advanced Suit Variants: User can find all advanced suit variants you can find on Dead Space 2.","wix:document://v1/archives/9d3131_d369d68a212c4a68bdca777ac78973a5.zip/Dead%20Space%20All%20Advanced%20Suit%20Variants-49-0-1v-1658085476.zip",,"Suit Variants","TBD","/games/","0c9d3aad-9d5c-4541-a9e9-bb33d4a58981",2023-10-29T16:25:53Z,2023-11-02T00:41:49Z,"9d313136-9722-49f9-b389-12782a7421be"
"Overwatch","wix:image://v1/9d3131_7028c5a2cbab46e589dc105452ac55b9~mv2.jpg/Overwatch_cover_art.jpg#originWidth=220&originHeight=314","1. Aim Practice: User can practice aim against an enemy bot who moves around and changes size.","wix:document://v1/archives/9d3131_f3c84169601d4548ae413c37879edca2.zip/Overwatch%20Aim%20Practice.zip",,"Aim Practice","TBD","/games/","3390c45f-b92c-408b-8c36-37f88c7106ac",2023-10-29T16:26:44Z,2023-11-02T00:40:19Z,"9d313136-9722-49f9-b389-12782a7421be"
"Battlefiled V","wix:image://v1/9d3131_5e197d4d282b4f948e2ca72e8a12a5fc~mv2.jpg/knyiQNrzbp6tEe8t04AYRhhJUF5wLIGO.jpg#originWidth=1024&originHeight=1024","1. Reshader: Enhances graphics to give the game a more realistic look.",,,"Resharder","TBD","/games/","4dd9ae94-748d-48f6-8d0a-9ee8cd6cc0c7",2023-10-29T16:23:42Z,2023-11-01T23:54:37Z,"9d313136-9722-49f9-b389-12782a7421be"
"Apex Legends","wix:image://v1/9d3131_a334ae297569425fb5d1cefe90cedfee~mv2.jpg/capsule_616x353.jpg#originWidth=616&originHeight=353","1. Reshader: Enhances graphics to give the game a more realistic look.",,,"Reshader","TBD","/games/","50285cd5-21a0-44e7-897b-430fb306ca29",2023-10-29T16:23:32Z,2023-11-01T23:55:00Z,"9d313136-9722-49f9-b389-12782a7421be"
"Red Dead Redemption 2","wix:image://v1/9d3131_882a93656f4e45db8f79619270f19984~mv2.jpg/capsule_616x353%20(2).jpg#originWidth=616&originHeight=353","1. Online Content Unlocked: User can use Red Dead's online resources without breaking out of story mode.","wix:document://v1/archives/9d3131_30c604a16c844a65a74a8e210a482e21.zip/Red%20Dead%20Online%20Content%20Unlocker-1688-1-0-1691728888.zip",,"Content Unlock","TBD","/games/","657ed9a4-5bbb-459d-9704-483f8bbe74a9",2023-10-29T16:27:00Z,2023-11-02T00:40:08Z,"9d313136-9722-49f9-b389-12782a7421be"
"Call of Duty: Modern Warfare 2","wix:image://v1/9d3131_12bf4e2a9fdd49c48a394fdc2ae58fc8~mv2.jpg/Call-of-Duty-Modern-Warfare-III-key-art.jpg#originWidth=1920&originHeight=1080","1. Remastered: User receives enhanced graphics.",,,"Remastered Graphics","TBD","/games/","9e5d45c2-8d7c-44a5-824a-4b49a9beff5b",2023-10-29T16:25:05Z,2023-11-01T23:53:34Z,"9d313136-9722-49f9-b389-12782a7421be"
"Aliens: Fireteam Elite","wix:image://v1/9d3131_8abf7ee6ed4646099f5bf05780ad6187~mv2.jpg/capsule_616x353%20(1).jpg#originWidth=616&originHeight=353","1. Infinite Lives: This mod allows the player to have infinite lives within the game.
2. Friendly Fire: This mod enables friendly fire within the game.","wix:document://v1/archives/9d3131_2ca0a6168abe4bd2b6d71688e3668a32.zip/Aliens%20InfiniteLIves1.3-19-1-3-1632757579.zip","wix:document://v1/archives/9d3131_b48cf39f8d744d598d64efbe0104a58e.zip/Aliens%20Friendly%20Fire.zip","Infinite Lives","Friendly Fire","/games/","9f1f70e4-11eb-4c8e-95c8-3e190959ecd5",2023-10-29T16:21:16Z,2023-11-02T00:43:54Z,"9d313136-9722-49f9-b389-12782a7421be"
"Counter Strike: Global Offensive","wix:image://v1/9d3131_4c26ad7725a84966989cdadfe741530b~mv2.jpg/download.jpg#originWidth=297&originHeight=170","1. Weapon Balance: All weapons are evened out and made viable",,,"Weapon Balance","TBD","/games/","d89b9573-8b83-44ee-8810-732ebf2313b6",2023-10-29T16:25:27Z,2023-11-01T23:52:36Z,"9d313136-9722-49f9-b389-12782a7421be"
"Fallout 4","wix:image://v1/9d3131_ae8243272995441a9bcfcb8d7324897f~mv2.webp/rB3GRFvdPmaALiGt89ysflQ4.webp#originWidth=3840&originHeight=2160","1. New Outfits: User can customize character to wear any outfit without any restrictions.",,,"New Outfits","TBD","/games/","e85860da-ade6-4c99-9bec-9e3530bb4028",2023-10-29T16:26:19Z,2023-11-01T23:51:50Z,"9d313136-9722-49f9-b389-12782a7421be"
